text,annotation_70,annotation_72,annotation_47,annotation_80,annotation_79
COVID-19 Awards,unclear,pro-mitigation,,pro-mitigation,pro-mitigation
Cancel the 2020-2021 school year SOLs,pro-mitigation,unclear,,pro-mitigation,pro-mitigation
..,unclear,unclear,,unclear,unclear
Protect our nurses!,unclear,pro-mitigation,,pro-mitigation,pro-mitigation
SENSELESS IMPRISONMENT FOR MY MOM.. FIRST TIME OFFENDER NON-VIOLENT CRIME,unclear,unclear,,anti-mitigation,unclear
COVID-19: Demand immediate release for those incarcerated in Knox County jail,pro-mitigation,pro-mitigation,,unclear,unclear
"Petition to recall Desmond Elliot from the Lagos House of Assembly, Surulere Constituency",unclear,unclear,,unclear,unclear
Texas UIL Spring Sports/Competitions to be completed during the Summer of 2020,anti-mitigation,pro-mitigation,,unclear,anti-mitigation
Prioritize Vaccinating Florida Teachers,pro-mitigation,pro-mitigation,,pro-mitigation,pro-mitigation
Save Plum Island Coffee Roasters,unclear,anti-mitigation,,unclear,anti-mitigation
Suspend Rent & Mortgage in Canada during COVID-19,pro-mitigation,unclear,,unclear,unclear
Ask the City of Winston-Salem to support in-street dining for downtown resturants!,pro-mitigation,anti-mitigation,,anti-mitigation,anti-mitigation
Have Online Classes & Close Physical BMCC campus due to Outbreak of COVID-19,pro-mitigation,pro-mitigation,,pro-mitigation,pro-mitigation
Appello per la pace in Etiopia,unclear,unclear,,unclear,unclear
Stop Guinea Pig Vaccine Tests In  Africa for Covid 19/ Corona Virus,unclear,unclear,,anti-mitigation,anti-mitigation
Rowan University: Universal Pass System,unclear,unclear,,unclear,unclear
Allow Athletic Therapists to treat their patients,anti-mitigation,anti-mitigation,anti-mitigation,unclear,
Allow not COVID related evictions,unclear,unclear,,unclear,anti-mitigation
#FreeNeko from Navajo County Jail,unclear,unclear,,unclear,unclear
ÖZEL OKUL ÖDEMELERİNİNDE İNDİRİM,unclear,unclear,,unclear,unclear
Allow Golf courses to open in Ontario,anti-mitigation,anti-mitigation,,anti-mitigation,anti-mitigation
Extend Winter Break at UBC,unclear,pro-mitigation,,pro-mitigation,pro-mitigation
Include Preschool Teachers in the Phase 1b vaccine rollout in Kentucky,pro-mitigation,pro-mitigation,,pro-mitigation,pro-mitigation
"Justice for Dr. Abhishek Bhayana, youngest frontline covid warrior",pro-mitigation,unclear,,pro-mitigation,anti-mitigation
Petition for Approval to Provide Illinois Early Intervention Services via Telehealth,pro-mitigation,pro-mitigation,,pro-mitigation,pro-mitigation
Help animal shelters during COVID-19,unclear,unclear,,pro-mitigation,unclear
"Allow access in Point Roberts, WA for Canadian property, boat & animal owners",unclear,unclear,,unclear,unclear
Lower Tuition at Hope College During Covid-19,unclear,unclear,,pro-mitigation,unclear
School Stays ON !,anti-mitigation,anti-mitigation,,pro-mitigation,anti-mitigation
Licensure Extension for TLLP due to COVID-19,pro-mitigation,pro-mitigation,,pro-mitigation,unclear
Cancel rental payment for international student of Australia during COVID-19 crisis,unclear,unclear,,pro-mitigation,unclear
Provide easily accessible and free COVID-19 testing across India.,pro-mitigation,pro-mitigation,,pro-mitigation,pro-mitigation
Community Demands for Lesley University's Covid-19 Response,unclear,unclear,,pro-mitigation,anti-mitigation
Free Jay Regas,unclear,unclear,,unclear,unclear
Remove Dr. Wajid Ahmed from his position as Medical Officer of Health for Windsor/Essex,unclear,unclear,,unclear,anti-mitigation
Hazard Pay For Essential Workers,pro-mitigation,pro-mitigation,,pro-mitigation,unclear
Let our 4 year old Melbourne kinder kids go to their Primary Schools for prep orientation,anti-mitigation,anti-mitigation,,anti-mitigation,anti-mitigation
SHUTDOWN BROWARD COUNTY,pro-mitigation,pro-mitigation,,pro-mitigation,pro-mitigation
Make the CDC report the number of coronavirus cases per state,unclear,pro-mitigation,,pro-mitigation,pro-mitigation
End Hate Crimes Against Asian Americans,unclear,unclear,,pro-mitigation,unclear
"Lockdown India Completely Until 31st Mar (At least) - (Buses, Flights, Trains, Shops etc)",pro-mitigation,pro-mitigation,,pro-mitigation,pro-mitigation
Cancel the 2020 St Patrick's Day Parades in Ireland to help reduce the spread of COVID-19,pro-mitigation,pro-mitigation,,pro-mitigation,pro-mitigation
Keep Yehaa Bob at Port Orleans,unclear,unclear,,unclear,unclear
Allow Fall Advantage participants to arrive for the Fall program.,anti-mitigation,anti-mitigation,,unclear,unclear
"Teachers, Students, and Staff are NOT Expendable",pro-mitigation,unclear,,unclear,anti-mitigation
Change the 2020 Year 12 VCE Exams,unclear,pro-mitigation,,unclear,unclear
Ban Eating Dogs & Cats in China - Now.,unclear,unclear,,pro-mitigation,pro-mitigation
Covid-19:   Salud a través del ejercicio!,unclear,unclear,,pro-mitigation,unclear
Call for the Resignation of Los Angeles Mayor Eric Garcetti for BLM Protest Response,unclear,unclear,unclear,unclear,
Lower the amount of work given to KHSD students,unclear,unclear,,unclear,unclear
Cancel GEBE bills during lockdown,unclear,unclear,,pro-mitigation,unclear
Suspension of rent payments to students during the Coronavirus pandemic.,unclear,unclear,,pro-mitigation,unclear
It now time for temples and religious institutions to donate for COVID relief,unclear,pro-mitigation,,pro-mitigation,pro-mitigation
Expedite NBCOT Exam Process,unclear,anti-mitigation,,unclear,pro-mitigation
“TAKE  ACTION AGAINST CORRUPTION NOW”,unclear,unclear,,unclear,unclear
Pharmacy Personnel MUST be included in Gov. Wolf's COVID-19 PA Hazard Pay Grant Program!!!,unclear,unclear,,pro-mitigation,pro-mitigation
University students should not have to pay last instalment of rent if they move out,unclear,unclear,,unclear,unclear
Recall WI Governor Tony Evers,anti-mitigation,unclear,,unclear,unclear
Transparency for Missouri beef consumers and producers,unclear,unclear,,unclear,unclear
Virginia Covid-19 Mandatory Shelter in Place,pro-mitigation,pro-mitigation,,pro-mitigation,pro-mitigation
Open Texas Nursing Homes and Assisted Living Centers,anti-mitigation,anti-mitigation,,anti-mitigation,pro-mitigation
Claps don't pay the bills - give all NHS workers a 15% pay rise #NHSPay15,pro-mitigation,unclear,,pro-mitigation,pro-mitigation
Mandate PPE for Dental Hygienists NOW!,pro-mitigation,pro-mitigation,,pro-mitigation,unclear
Carteret County Surf Now,unclear,anti-mitigation,,anti-mitigation,unclear
"COVID-19 Pass/Fail Grading Initiative for FCPS - Frederick, MD",unclear,unclear,,pro-mitigation,unclear
Provide Food and Safe Transport to Stranded Migrants during COVID-19 Lockdown,pro-mitigation,pro-mitigation,,pro-mitigation,unclear
Save Newquay Killacourt,unclear,unclear,,unclear,anti-mitigation
Mandate the collection of disaggregated health data for Canadians during COVID-19,unclear,pro-mitigation,,pro-mitigation,anti-mitigation
Help Georgia Restaurants Survive COVID-19,anti-mitigation,unclear,,pro-mitigation,anti-mitigation
SAVE OUR SMALL BUSINESS COMMUNITY!! Allow restaurants to be able to service outdoor dining,anti-mitigation,anti-mitigation,,anti-mitigation,anti-mitigation
UHC refuses to pay equitably for COVID tests,pro-mitigation,unclear,,anti-mitigation,anti-mitigation
UT AUSTIN NEEDS TO CONTACT ALL RESIDENTS AND STAFF WHEN COVID-19 CASES EMERGE,pro-mitigation,pro-mitigation,,pro-mitigation,pro-mitigation
Pengurangan uang sekolah selama Home Learning karena dampak ekonomi dari Covid - 19.,unclear,unclear,,pro-mitigation,unclear
"COVID-19 : Give the 320,000 homeless people in the U​.​K. shelter",unclear,pro-mitigation,,pro-mitigation,pro-mitigation
Review of the constitution of the South African CoVID-19 National Command Council,unclear,anti-mitigation,,pro-mitigation,pro-mitigation
Save Pine Island Club,unclear,unclear,,unclear,anti-mitigation
Reopen Gyms To Help Combat COVID-19,anti-mitigation,anti-mitigation,,anti-mitigation,anti-mitigation
Make COVID-19 Testing Free for Senior Citizens & Subsidised for All #PatientsBeforeProfits,pro-mitigation,pro-mitigation,,pro-mitigation,pro-mitigation
We want to feel safe on social media platforms,unclear,unclear,,unclear,pro-mitigation
Pass/Fail Grading Option at Adelphi University in response to COVID-19,pro-mitigation,unclear,unclear,unclear,
"Prisoner's in danger of Covid-19. ""Please Help""
#PrisonersLivesMatterToo",pro-mitigation,pro-mitigation,,pro-mitigation,pro-mitigation
Arrest Mocha Uson for Publishing False News in her Facebook Page,pro-mitigation,pro-mitigation,,unclear,pro-mitigation
COVID-19: Allow free hospital parking for BC's health care workers.,unclear,unclear,,pro-mitigation,pro-mitigation
REDUCTION IN SCHOOL FEES DURING COVID-19. Schools to run at no profit no loss till then,pro-mitigation,unclear,,unclear,pro-mitigation
UW 2020 Commencement,unclear,pro-mitigation,,unclear,unclear
Private schools to charge 50% tuition fees for online classes.,unclear,unclear,,pro-mitigation,unclear
"Plea for $1,000,000 for COVID-19 Frontline Workers Families",unclear,pro-mitigation,,pro-mitigation,pro-mitigation
Lift covid restrictions on Beauty industry!,anti-mitigation,anti-mitigation,,anti-mitigation,anti-mitigation
COVID - Suspend School Until We Have Clarity,pro-mitigation,pro-mitigation,,pro-mitigation,pro-mitigation
For NHS senior management to protect workers from COVID-19 as a priority,unclear,pro-mitigation,,pro-mitigation,pro-mitigation
Early release for Hector Jimenez via medical parole or clemency due to COVID-19,pro-mitigation,unclear,,pro-mitigation,pro-mitigation
No mandatory Covid-19 vaccine in Canada,anti-mitigation,anti-mitigation,,anti-mitigation,anti-mitigation
Cancelling of HITS Events during COVID pandemic,pro-mitigation,pro-mitigation,,pro-mitigation,pro-mitigation
Stop the Suppression and Redirection of Covid-19 Data,unclear,pro-mitigation,,pro-mitigation,pro-mitigation
Keep Community Based Adult Services (CBAS) Available in California,anti-mitigation,anti-mitigation,,pro-mitigation,anti-mitigation
"Close, Florida, close the beaches, Gov. DeSantis!",pro-mitigation,pro-mitigation,,pro-mitigation,pro-mitigation
Nurses must be exempted from paying tax during covid-19.,unclear,unclear,,pro-mitigation,pro-mitigation
Pass all SBISD students for the spring semester,unclear,unclear,,unclear,pro-mitigation
Please Close Philadelphia Public Schools due to Coronavirus/COVID-19! Safety first!,pro-mitigation,pro-mitigation,,pro-mitigation,pro-mitigation
"Support and reward healthcare workers, COVID-19",unclear,unclear,,pro-mitigation,pro-mitigation
Stop UC Davis From Cutting Financial Aid During a Pandemic,pro-mitigation,unclear,,pro-mitigation,unclear
Ban face to face teaching at City of Glasgow College with immediate effect - COVID-19,pro-mitigation,pro-mitigation,,pro-mitigation,pro-mitigation
SUPPORT FOR SME WORKING DIRECTORS UNDER JOBS SUPPORT SCHEME (JSS),unclear,unclear,,unclear,unclear
COVID-19 Small Business economic hardship,unclear,unclear,,unclear,unclear
Reopen The Spotlight Theatre ASAP,anti-mitigation,anti-mitigation,,anti-mitigation,anti-mitigation
Remove mandated bulk-billing from COVID-19 telehealth item numbers.,pro-mitigation,pro-mitigation,unclear,unclear,
Open Up Private Recreational Motorcycle & ATV Areas In NY,anti-mitigation,anti-mitigation,,anti-mitigation,anti-mitigation
Stop Covid-19 Related Dismissals at Glasgow Colleges,unclear,anti-mitigation,,pro-mitigation,anti-mitigation
Proposal to Make Alberta's Diploma Examinations Voluntary,pro-mitigation,pro-mitigation,,unclear,unclear
"ICMR JRF 2020 ,DBT BET JRF 2020 and GATB 2020 got postponed now",unclear,pro-mitigation,pro-mitigation,unclear,
Stop the RHS Bridgewater from further culling of roe deer at their site,unclear,unclear,,unclear,unclear
Joe Biden's Candidacy is Failing - We Demand a Stronger Nominee. Democrats: Act Now.,unclear,unclear,,unclear,unclear
Close All Wildlife Trading Markets Globally,unclear,unclear,,pro-mitigation,pro-mitigation
Lift Restrictions for New Brunswickers Travelling to Nova Scotia,anti-mitigation,anti-mitigation,,anti-mitigation,anti-mitigation
We Demand Free Internet for ALL Low-Income Families During COVID-19,unclear,unclear,,pro-mitigation,unclear
A Campaign to Protect Dover Forest!,unclear,unclear,,unclear,unclear
Signez la lettre pour le retrait de la proposition de loi sur un ordre des psychologues,unclear,unclear,,unclear,unclear
URGENT CALL - Release Julian Assange from Belmarsh NOW!,unclear,unclear,,unclear,unclear
Amend order to allow JCPD officers to wear BDU's during PANDEMIC!,unclear,pro-mitigation,,pro-mitigation,unclear
Play Fair - Let Live Music Live,anti-mitigation,anti-mitigation,,unclear,anti-mitigation
Make Covid duty for final MBBS students voluntary,anti-mitigation,anti-mitigation,,anti-mitigation,unclear
Bring back Division III National Championships,anti-mitigation,anti-mitigation,,unclear,anti-mitigation
Lockdown Pakistan to Prevent COVID-19 Transmission,pro-mitigation,pro-mitigation,,pro-mitigation,pro-mitigation
Cancel all further assignments and exams due to instability caused by COVID-19,unclear,pro-mitigation,,pro-mitigation,pro-mitigation
Get Washington county closed because of Covid-19,pro-mitigation,pro-mitigation,,pro-mitigation,pro-mitigation
Please help the residents of Guildwood Extendicare during Covid Crisis,unclear,unclear,,pro-mitigation,unclear
Take back the decision to end the relationship with the Chinese scholars who fund by CSC,unclear,unclear,,unclear,unclear
Stop Transport Canada rescinding covid response that allows you to stay in your vehicle,pro-mitigation,pro-mitigation,,pro-mitigation,anti-mitigation
Take Action to End Canada's Blood Donation Ban,unclear,anti-mitigation,,unclear,anti-mitigation
COVID-19：Request For MPCSD to Close Schools for the Safety of our Community and Children,pro-mitigation,pro-mitigation,,pro-mitigation,pro-mitigation
"Stop Con Edison from potentially spreading Covid-19 to its workers, and the NYC public!",pro-mitigation,pro-mitigation,,pro-mitigation,pro-mitigation
We study in online mode we want online Semester examination for every university students,pro-mitigation,pro-mitigation,,pro-mitigation,pro-mitigation
Enforce State and Local COVID-19 Rules in all California State Employee Workplaces,pro-mitigation,pro-mitigation,,pro-mitigation,pro-mitigation
We want the Human rights commission to lay charges of racism against Russell Kruger.,unclear,unclear,,unclear,unclear
Close CCPS schools to limit spread of coronavirus.,pro-mitigation,pro-mitigation,,pro-mitigation,pro-mitigation
Keep X-rays for Chiropractors for the health benefit of future patients.,unclear,unclear,,unclear,unclear
Change UAlberta Classes from in person to Online due to COVID-19,pro-mitigation,pro-mitigation,,pro-mitigation,pro-mitigation
Animal Charities including Wildlife Rescues deserve government support during Covid-19,unclear,unclear,,pro-mitigation,pro-mitigation
Stop the relocation of a Sexually Violent Predator to Twentynine Palms!,unclear,unclear,,unclear,unclear
Cancel Rent Payments in Finland for International Students during Covid-19.,unclear,unclear,,pro-mitigation,pro-mitigation
Demand California Delay Implementing Cuts to Pharmacies During COVID-19 Pandemic,unclear,pro-mitigation,,pro-mitigation,unclear
Hunts and shoots should not be exempt from 6 person rule + Covid-19 restrictions,pro-mitigation,pro-mitigation,,pro-mitigation,pro-mitigation
APPEAL COVID-19/ BEAUTY INDUSTRY,unclear,unclear,,anti-mitigation,anti-mitigation
Mississippi State University students want the option for classes to be Pass/Fail,unclear,unclear,,unclear,unclear
Tertiary Students of JA Appeal to Reduce Tuition 15-20% & Refund Miscellaneous/ Late Fees.,unclear,unclear,,unclear,unclear
AMPLIACION DE LA BECA CONTINUIDAD DE ESTUDIOS I - II Convocatoria. BECA PRONABEC,unclear,unclear,,unclear,unclear
Petition Sokongan kepada Ketua Pengarah KKM Datuk Dr. Noor Hisham Bin Abdullah,unclear,unclear,,unclear,unclear
Allow EBT recipients to order groceries online during COVID-19 pandemic and beyond.,pro-mitigation,pro-mitigation,,pro-mitigation,pro-mitigation
Cancel Alberta Diploma Examinations,pro-mitigation,pro-mitigation,,unclear,anti-mitigation
The beauty industry - financial support & operational clarity from government & insurers,unclear,unclear,,unclear,unclear
Potential treatment for COVID-19 should not harm Canadians living with lupus,unclear,anti-mitigation,,unclear,pro-mitigation
Save Akron's Last Major Greenspace!,unclear,unclear,,unclear,unclear
Allow Donna Kay Rule to compete in the NFR!,unclear,anti-mitigation,anti-mitigation,unclear,
Stop classes and encourage online classes to reduce spread of COVID-19 in uniten,pro-mitigation,pro-mitigation,,pro-mitigation,pro-mitigation
Hazard Pay for Wal-Mart Associates,unclear,unclear,,pro-mitigation,unclear
Demand FDA Approval for Emergency Use of Ivermectin for Covid 19 Treatment,pro-mitigation,unclear,,pro-mitigation,pro-mitigation
NO TO THE DISPLACEMENT OF MARIACHIS AT MARIACHI PLAZA IN BOYLE HEIGHTS!,unclear,unclear,,unclear,anti-mitigation
Provide financial support for ALL Sole Traders in Victoria,unclear,unclear,,pro-mitigation,unclear
Allow medical schools to proctor board exams to combat scheduling issues due to COVID-19.,pro-mitigation,pro-mitigation,,pro-mitigation,pro-mitigation
Let babies travel on their mother's passport into South Africa for Medical Emergencies,unclear,unclear,,unclear,pro-mitigation
Pembroke Pines utilities cost increase during COVID-19,anti-mitigation,unclear,unclear,unclear,
"Give Children and Families Access to Beaches, Parks and Trails in Hawaii",anti-mitigation,anti-mitigation,,anti-mitigation,anti-mitigation
"Save Donderberg , Sauvons l'espace vert du Donderberg à Laeken , Red Donderberg",unclear,unclear,,unclear,unclear
COVID Transparency at BYU,pro-mitigation,pro-mitigation,,pro-mitigation,pro-mitigation
Postpone JEE & NEET to the end of 2020,pro-mitigation,pro-mitigation,,pro-mitigation,unclear
Save my dad from ICE's virus-ridden detention centers,pro-mitigation,unclear,,unclear,anti-mitigation
India needs to change its stance on mental health,unclear,unclear,,unclear,unclear
"No School Re-Opening, Protect Our Children",pro-mitigation,pro-mitigation,,pro-mitigation,pro-mitigation
"Covid-19 Minnesota families rent,mortgages, utilities,and monthly Bill's or hardships!",unclear,unclear,,unclear,unclear
Varsity College must decrease their school fees by 35% because of the COVID 19 pandemic,unclear,unclear,,pro-mitigation,unclear
Car Dealerships are Non-Essential During COVID-19 and should be be closed!,pro-mitigation,pro-mitigation,,pro-mitigation,pro-mitigation
Hazard Pay For The Front Line,pro-mitigation,unclear,,unclear,pro-mitigation
UAH: Extend a Pass/Fail Option Due to COVID-19,unclear,unclear,,pro-mitigation,pro-mitigation
Maharashtra CM : Make an announcement in Reduction & Deferment of School Fees !,unclear,unclear,,pro-mitigation,unclear
To allow the children of a covid victim to remain in their home.,pro-mitigation,pro-mitigation,,anti-mitigation,pro-mitigation
Help convince the SUSD that Students & Teachers Need Leniency in Grading during COVID-19.,unclear,unclear,,pro-mitigation,unclear
"Glasgow Life, Reconsider Library Closures",anti-mitigation,anti-mitigation,,anti-mitigation,pro-mitigation
Get Classes Moved To Online Due to Corona Virus (Covid-19),pro-mitigation,pro-mitigation,,pro-mitigation,pro-mitigation
Release my mother due to COVID-19,unclear,unclear,,anti-mitigation,unclear
"Allow venues, stadia, and hotels with Covid Controls in place to operate at capacity",anti-mitigation,anti-mitigation,,pro-mitigation,anti-mitigation
Stop insurance providers from rejecting doctor-recommended cancer treatment.,unclear,unclear,,unclear,unclear
"Let's get back golfing, rowing, playing tennis and picnicking again Ontario.",anti-mitigation,anti-mitigation,,anti-mitigation,anti-mitigation
Fast food restaurants to print vehicle reg on takeaway packaging to discourage littering.,unclear,pro-mitigation,,unclear,unclear
LOVE IS NOT TOURISM,unclear,unclear,,pro-mitigation,unclear
#ProtectLibraryWorkers & communities: Don't reopen libraries until it's safe,pro-mitigation,pro-mitigation,,pro-mitigation,pro-mitigation
Darden : Financial Relief for COVID-19,unclear,unclear,,pro-mitigation,unclear
Close Pepperdine due to the Covid-19 Case in California,pro-mitigation,pro-mitigation,,pro-mitigation,pro-mitigation
Keep NM Garden Nurseries Open,anti-mitigation,anti-mitigation,anti-mitigation,anti-mitigation,
Stipend increment of Resident doctors who are working tirelessly to fight COVID19 PANDEMIC,pro-mitigation,pro-mitigation,,pro-mitigation,pro-mitigation
Please help saving the life of my Father Kidnapped Dr Abbadi in Jordan,unclear,unclear,,unclear,unclear
Hold the Chinese government accountable for COVID-19,unclear,unclear,,pro-mitigation,pro-mitigation
Suspend school/college session until 2021,pro-mitigation,pro-mitigation,,pro-mitigation,pro-mitigation
Keep our children safe and close the schools,pro-mitigation,pro-mitigation,,pro-mitigation,pro-mitigation
Ensure Safe Watersports Access to Florida's Waterways during COVID-19 Pandemic,anti-mitigation,anti-mitigation,,pro-mitigation,anti-mitigation
Powerful action against climate change by the governments,unclear,unclear,,unclear,unclear
Continue Paying Northeastern Dining Hall Employees for the Next 30 Days,unclear,unclear,,pro-mitigation,pro-mitigation
Australian Healthcare Workers demand safe Personal Protective Equipment for COVID-19,pro-mitigation,pro-mitigation,,pro-mitigation,pro-mitigation
Force private nurseries to charge REDUCED fees during COVID-19 crisis,unclear,unclear,,pro-mitigation,unclear
South Dakota High School Pass or Fail students -COVID-19,pro-mitigation,unclear,,unclear,unclear
Save Maryland Restaurants,unclear,anti-mitigation,anti-mitigation,unclear,
Re-Open Motocross Tracks Responsibly,anti-mitigation,anti-mitigation,,unclear,anti-mitigation
Procurement of Covid-19 cure from Madagascar by the South African government.,pro-mitigation,pro-mitigation,,pro-mitigation,pro-mitigation
Federal financial relief for restaurant industry — covid-19 pandemic,unclear,unclear,,pro-mitigation,unclear
Close Petsmart Services in response to Covid-19 state of emergency,pro-mitigation,pro-mitigation,,pro-mitigation,pro-mitigation
Venues should cancel South Padre Island Spring Break events to prevent COVID-19 exposure.,pro-mitigation,pro-mitigation,,pro-mitigation,pro-mitigation
United Against COVID-19,pro-mitigation,pro-mitigation,,pro-mitigation,pro-mitigation
I want people who are working during the Covid-19 pandemic to receive hazard pay.,unclear,pro-mitigation,,pro-mitigation,pro-mitigation
Strongly Urge All Schools Closure in Edmonton for COVID-19,pro-mitigation,pro-mitigation,,pro-mitigation,pro-mitigation
COVID-19 Requesting early release for Georgia work release program residents,pro-mitigation,pro-mitigation,,unclear,anti-mitigation
Re-Open US Consulates for General Visa Appointments (Allowing Foreign Nationals to Travel),anti-mitigation,anti-mitigation,,anti-mitigation,anti-mitigation
Close shopping malls  IMMEDIATELY to prevent the spread of COVID-19,pro-mitigation,pro-mitigation,pro-mitigation,pro-mitigation,
I want the Covid Testing to be at an affordable price for ALL,pro-mitigation,pro-mitigation,,pro-mitigation,pro-mitigation
UAW Local 2192 calls for covid-19 health and safety actions by Oberlin College,pro-mitigation,pro-mitigation,,pro-mitigation,pro-mitigation
Allow 2020 Spring Sports to Continue Through the Summer,anti-mitigation,anti-mitigation,,anti-mitigation,anti-mitigation
Postpone graduation!!!!!! DO NOT make it virtual,unclear,unclear,anti-mitigation,unclear,
Stop Stephanie Alley from Potentially spreading the Coronavirus (CoVid 19 Virus),pro-mitigation,pro-mitigation,pro-mitigation,pro-mitigation,
"Every penny counts- In case of death due to Covid, beneficiary to be granted tax exemption",unclear,unclear,,pro-mitigation,unclear
Petition AGAINST Del Mar College School of Nursing Holding Back Graduates Due to COVID-19,anti-mitigation,anti-mitigation,,unclear,pro-mitigation
"Student Loan Forgiveness for ""Covid-19"" Frontline Workers",unclear,unclear,,pro-mitigation,unclear
Make UKZN shut down all campuses for an appropriate amount of time should COVID-19 worsen.,pro-mitigation,pro-mitigation,,pro-mitigation,pro-mitigation
change school district grades from numerical to pass fail for 4th quarter due to covid,unclear,unclear,,pro-mitigation,unclear
Hazard Pay For Transit Workers During Covid 10,unclear,unclear,,pro-mitigation,pro-mitigation
Stand with Heine Brothers' Baristas during COVID-19 Outbreak: Give them the Choice!,unclear,anti-mitigation,,anti-mitigation,unclear
Creat isolation hotel centers for COVID-19 self-isolation confirms,pro-mitigation,pro-mitigation,,pro-mitigation,pro-mitigation
"Stop the barbaric wolf cull & poisoning in NWT, BC and AB",unclear,unclear,,unclear,unclear
Extend JobKeeper For The Travel Industry Beyond March 28,unclear,unclear,,pro-mitigation,unclear
Hazard Pay for COVID-19 Essential RI Workers,unclear,pro-mitigation,,pro-mitigation,pro-mitigation
PM Modi: Tell Indian Men to Do an Equal Share of Household Chores in Your Next Speech,unclear,unclear,,unclear,unclear
CONTRA LOS DESPIDOS EN ORANGE. ERE NO.,unclear,unclear,,unclear,unclear
Coronavirus Europe - Let Google Vendor employees to work from home like Google employees,pro-mitigation,pro-mitigation,,pro-mitigation,pro-mitigation
Opt-In and Implement AB 626 in Orange County,unclear,unclear,,unclear,pro-mitigation
Chandler Unified School District must close schools until Covid-19 no longer is a threat,pro-mitigation,pro-mitigation,,pro-mitigation,pro-mitigation
We want the COVID-19 Language Access Act!,pro-mitigation,unclear,,pro-mitigation,pro-mitigation
Partial Reimbursement for University of Connecticut Spring 2020 Semester,pro-mitigation,unclear,,unclear,unclear
Free 3 school teachers held in Italian covid centre for 2months. #FF3,unclear,anti-mitigation,,anti-mitigation,anti-mitigation
Support for Farm Transitions and Sustainable Agricultural Practices,unclear,unclear,,unclear,unclear
Demand that Micro-Businesses be priority to financial assistance for US COVID-19 relief!,pro-mitigation,unclear,,pro-mitigation,unclear
Support Safe Schools for Saskatchewan,unclear,pro-mitigation,,pro-mitigation,pro-mitigation
An Arts Sector-specific Rescue Package to Survive COVID-19 #HeartsForArts2020,unclear,unclear,,pro-mitigation,anti-mitigation
Stop violence against doctors,unclear,unclear,,pro-mitigation,pro-mitigation
Luxury Escapes to Honour Refund Policy Amidst COVID-19 Pandemic,pro-mitigation,unclear,,anti-mitigation,pro-mitigation
Esami a distanza garantiti al Politecnico di Milano,unclear,unclear,,pro-mitigation,unclear
Bring Thunder Bay District Out Of Lockdown and back into colour code system,anti-mitigation,anti-mitigation,,anti-mitigation,anti-mitigation
Make Swiggy accessible with screen readers in Android for Visually Challenged People,unclear,unclear,,unclear,unclear
Help change FL mandated clinical requirements for Nursing students in light of COVID-19,unclear,unclear,,pro-mitigation,pro-mitigation
PETITION AGAINST PROPOSED CORONATION DRIVE WASTE PROCESSING PLANT,unclear,unclear,unclear,unclear,
Shutdown Imperial county schools,pro-mitigation,pro-mitigation,unclear,pro-mitigation,
Test Kits for CoVid-19 in Every City in the USA,pro-mitigation,pro-mitigation,,pro-mitigation,pro-mitigation
Raise Awareness to Defeat COVID-19,pro-mitigation,pro-mitigation,,pro-mitigation,pro-mitigation
Mary Seacole is now recognised as a  COVID-19  hospital in England,pro-mitigation,pro-mitigation,,pro-mitigation,unclear
DONIAMO VENTILATORI POLMONARI AGLI OSPEDALI ITALIANI PUBBLICI,unclear,unclear,,pro-mitigation,unclear
Housing for Healthcare Workers exposed to COVID-19,pro-mitigation,pro-mitigation,,pro-mitigation,pro-mitigation
Student loan forgiveness for those working the front-lines of the COVID-19 pandemic,unclear,unclear,,pro-mitigation,pro-mitigation
Luton mayor and councillors in breach of lockdown rules to resign,pro-mitigation,pro-mitigation,pro-mitigation,unclear,
"Disinfect the streets, lobbies, transportation and stores everyday",pro-mitigation,pro-mitigation,,pro-mitigation,pro-mitigation
In response to Okan University New payment schedule,unclear,unclear,,unclear,unclear
Save 220k Massage Therapist's Careers  Covid-19 Licensed Health Care Economic Hardship,unclear,unclear,,pro-mitigation,unclear
Extend COVID-19 Emergency Benefits / Prolonger les prestations d'urgence pour la COVID-19,unclear,pro-mitigation,,pro-mitigation,pro-mitigation
Justice for Benny Davis,unclear,unclear,,unclear,unclear
Demilitarize Walnut Creek Police Response!,unclear,unclear,,unclear,unclear
"Rockford, IL Police Chief Daniel G. O’Shea Must Be Fired",unclear,unclear,,unclear,unclear
URGENT! Irish Government Enact Vegan Law! to Stop COVID-19 & Stop Climate Change!,pro-mitigation,unclear,,pro-mitigation,unclear
"""COVID-19 Relief"" for our incarcerated loved ones & DE DOC!",pro-mitigation,pro-mitigation,,pro-mitigation,pro-mitigation
NO on SB20-163,pro-mitigation,anti-mitigation,,anti-mitigation,anti-mitigation
Keep the test,unclear,anti-mitigation,,unclear,unclear
"Name MUN's New Core Science Building the ""J. Fitzgerald Building""",unclear,unclear,,unclear,unclear
Smoking Covid,unclear,unclear,,unclear,unclear
"Halt Rent, Mortgage, and Utility Payments During COVID-19 Outbreak",unclear,unclear,,pro-mitigation,unclear
#Don'tForgetStudents | #N'OubliezPaslesÉtudiants,unclear,unclear,,unclear,unclear
Help the St. John’s University bowling team go to sectionals!,anti-mitigation,unclear,,unclear,anti-mitigation
Lift Ban on Riding Road Registered Motorcycles During covid 19,unclear,anti-mitigation,,anti-mitigation,anti-mitigation
Stop Allowing Flights with Covid Infected People to Land in Canada,pro-mitigation,pro-mitigation,,pro-mitigation,pro-mitigation
"OPEN LETTER TO THE LEADERS OF THE COUNTRIES AND NATIONS OF THE EARTH

FOR THE POOR",unclear,unclear,,unclear,unclear
Act now to save small businesses & start-ups - CBILS not available to so many...,anti-mitigation,unclear,,pro-mitigation,anti-mitigation
"Support for NY State Licensed, High-Touch Service Professionals During Covid-19.",anti-mitigation,unclear,,anti-mitigation,unclear
"Postponement of Final examinations for Mithibai College,in regards to Covid-19",pro-mitigation,pro-mitigation,,pro-mitigation,pro-mitigation
Rescind Abbott’s Execute Order GA-13: Biased Bail Restrictions during COVID-19,unclear,unclear,,unclear,pro-mitigation
"$2,000/month for Each Adult and $1,000/month for Each Child during COVID-19 crisis",unclear,unclear,,pro-mitigation,anti-mitigation
Approve direct access to COVID-19 rapid screening tests,pro-mitigation,pro-mitigation,,pro-mitigation,pro-mitigation
Restrict Northern BC Work Camps to Essential Operations Only - Covid-19,pro-mitigation,pro-mitigation,,pro-mitigation,pro-mitigation
No Mandatory COVID-19 Testing For Ohio Athletics ( OHSAA) & Let Spectators In all Games.,anti-mitigation,anti-mitigation,,anti-mitigation,anti-mitigation
Shut down all Visalia Unified School District Schools to prevent Corona Virus,pro-mitigation,pro-mitigation,,pro-mitigation,pro-mitigation
ALTERNATIVE GRADUATION OPTION FOR CMS SENIORS,pro-mitigation,anti-mitigation,,pro-mitigation,unclear
Protect Hanover community from Wegmans,unclear,unclear,,unclear,unclear
Alberta golf courses should receive an exemption from mandated business closures,unclear,anti-mitigation,,unclear,anti-mitigation
Petition for Online Teaching in QUB under COVID-19 Threat,pro-mitigation,pro-mitigation,,pro-mitigation,pro-mitigation
University and College tuition reduction in Ontario,unclear,unclear,,pro-mitigation,unclear
The easing of covid restrictions,unclear,anti-mitigation,,anti-mitigation,anti-mitigation
Restrict Incoming Maui Flights to Slow Spread of COVID-19,pro-mitigation,pro-mitigation,pro-mitigation,,pro-mitigation
Urge “shelter in place” order for the state of Utah,pro-mitigation,pro-mitigation,,pro-mitigation,pro-mitigation
KKTC GİRNE AMERİKAN ÜNİVERSİTESİ ÖDEMELERİNE İNDİRİM İSTİYORUZ,unclear,unclear,,unclear,unclear
Give NJ Teachers and school staff immediate access to the COVID-19 vaccine,pro-mitigation,pro-mitigation,,pro-mitigation,pro-mitigation
Demand Johns Hopkins Protect its Graduate Employees amid COVID-19,unclear,unclear,,unclear,pro-mitigation
Re-open unused wards of University Hospital of Hartlepool during Covid 19 pandemic,pro-mitigation,"pro-mitigation,pro-mitigation",pro-mitigation,,
Postponing the JEE MAINS Examination april 2020 due to COVID-19 outbreak,pro-mitigation,pro-mitigation,,pro-mitigation,pro-mitigation
Don't let new immigrants fall through the cracks during covid-19.,unclear,unclear,,pro-mitigation,unclear
Protect our TWU community from COVID-19 by suspending face-to-face classes and meetings.,pro-mitigation,pro-mitigation,,pro-mitigation,pro-mitigation
Urgent Action Needed: Strengthen Ethnic Studies in Stockton Unified School District,unclear,unclear,,unclear,unclear
No More Live Markets - make the difference,unclear,unclear,,unclear,pro-mitigation
SAVE THE NORTHCOTE PUBLIC GOLF COURSE,unclear,unclear,,unclear,anti-mitigation
